"major town and city","2020"
"Barnsley",99642
"Basildon",118145
"Basingstoke",115111
"Bath",105730
"Bedford",93767
"Birkenhead",90654
"Birmingham",1159888
"Blackburn",121475
"Blackpool",145007
"Bolton",180945
"Bournemouth",198582
"Bracknell",86179
"Bradford",358573
"Brighton and Hove",245504
"Bristol",580199
"Burnley",83785
"Burton upon Trent",78582
"Bury",80120
"Cambridge",149155
"Carlisle",74536
"Chatham",80596
"Chelmsford",119468
"Cheltenham",116819
"Chester",87881
"Chesterfield",89466
"Colchester",140027
"Coventry",388793
"Crawley",111983
"Darlington",93417
"Derby",264430
"Doncaster",117254
"Dudley",85040
"Eastbourne",114603
"Exeter",127709
"Gateshead",122239
"Gillingham",108785
"Gloucester",148167
"Grimsby",88105
"Guildford",88094
"Halifax",93071
"Harlow",87420
"Harrogate",74159
"Hartlepool",90123
"Hastings",93430
"Hemel Hempstead",103458
"High Wycombe",105911
"Huddersfield",172607
"Ipswich",147851
"Kingston upon Hull",287705
"Leeds",516298
"Leicester",415584
"Lincoln",107434
"Liverpool",589774
"London",8960924
"Luton",222043
"Maidstone",120425
"Manchester",566896
"Mansfield",83043
"Middlesbrough",177609
"Milton Keynes",185408
"Newcastle upon Tyne",290688
"Newcastle-under-Lyme",79527
"Northampton",230070
"Norwich",199245
"Nottingham",320536
"Nuneaton",91334
"Oldham",121852
"Oxford",161662
"Peterborough",179349
"Plymouth",266552
"Poole",159759
"Portsmouth",229669
"Preston",136239
"Reading",257653
"Redditch",83208
"Rochdale",114511
"Rotherham",111158
"Salford",106074
"Scunthorpe",84027
"Sheffield",557039
"Shrewsbury",77144
"Slough",158149
"Solihull",108829
"South Shields",76807
"Southampton",270333
"Southend-on-Sea",184708
"Southport",93905
"St Albans",88448
"St Helens",105454
"Stevenage",94371
"Stockport",112284
"Stockton-on-Tees",84318
"Stoke-on-Trent",278365
"Sunderland",174869
"Sutton Coldfield",107108
"Swindon",192923
"Telford",153143
"Wakefield",108901
"Walsall",73719
"Warrington",172330
"Watford",141731
"West Bromwich",79157
"Weston-Super-Mare",88244
"Wigan",89054
"Woking",102439
"Wolverhampton",247055
"Worcester",101816
"Worthing",115319
"York",164934
"Cardiff",356425
"Newport",137563
"Swansea",185033
Aberchirder,1170
"Aberdeen, Milltimber, and Peterculter",220690
Aberdour,1710
Aberfeldy,1940
Aberfoyle,790
Aberlady,1260
Aberlour,1020
Abernethy,1390
Aberuthven,500
Aboyne,2920
Addiewell and Stoneyburn,3260
Airth,1960
Alford,2610
Allanton,1140
Alloa and Sauchie,20750
Almondbank,1370
Alness,5950
Alva,4630
Alyth,2370
Ancrum,500
Annan,8760
Annbank,890
Anstruther,3950
Arbroath,23500
Ardersier,1140
Ardrishaig,1220
Armadale,12720
Auchenblae,520
Auchinleck,3630
Auchinloch,880
Auchterarder,5840
Auchtermuchty,2070
Auldearn,720
Aviemore,3230
Avoch,1000
Avonbridge,660
Ayr,62270
Ayton,600
Baile a'Mhanaich (Balivanich),510
Balfron,2140
Balintore,1000
Ballachulish,620
Ballater,1430
"Ballingry, Lochore and Crosshill",5940
Balmedie,2510
Balmullo,1320
Banchory,7440
Banff,4000
Bankfoot,1240
Bathgate,29330
Beauly,1400
Beith,5940
Bellsbank,1260
Biggar,2640
Birkhill and Muirhead,2010
Bishopton,7920
Blackburn (Aberdeenshire),3050
Blackford,910
Blackridge,2070
Blairgowrie,9240
Blairhall,930
Boddam,1220
Bo'ness,14840
Bonnybridge,25710
"Bonnyrigg, Dalkeith, Mayfield and Gorebridge",54940
Bowmore,710
Braco,540
Brae,750
Brechin,7230
Bridge of Earn,2920
Bridge of Weir,4920
Bridgend,780
Broadford,1170
Brodick,890
Brora,1210
Broxburn,15970
Buchlyvie,550
Buckie,9010
Burghead,1840
Burntisland,6630
Burrelton,720
Cairneyhill,2500
Calderbank,1560
Caldercruix,2610
California,780
Callander,3080
Campbeltown,4500
Cardenden and Auchterderran,5190
Cardrona,890
Cardross,2070
Carluke,14400
Carmunnock,1350
Carnoustie,11310
Carnwath,1360
Carstairs,840
Carstairs Junction,670
Castle Douglas,4000
Castletown,810
Catrine,2020
Ceres,930
Chapelton,650
Chirnside,1450
Clackmannan,3260
Cleland,3150
Coalburn,1220
Coaltown of Wemyss,710
"Coatbridge, Aidrie, Chapelhall and Bargeddie",90690
Cockenzie,5370
Coldingham,500
Coldstream,1990
Comrie (Perth and Kinross),1900
Conon Bridge and Maryburgh,3280
Countesswells,770
Coupar Angus,2220
"Cowdenbeath, Lochgelly and Lumphinnans",19330
Cowie,2720
Coylton,2160
Crail,1640
Creetown,660
Crieff,7280
Crimond,870
Cromarty,660
Crook of Devon,760
Crossford (Fife),2320
Crossford (South Lanarkshire),730
Crosshouse,2690
Cruden Bay,1570
Cullen,1390
Cumbernauld and Croy,52420
Cuminestown,560
Cumnock,8700
Cupar,8960
Dailly,810
Dalbeattie,4160
Dalgety Bay and Hillend,9710
Dalmellington,1340
Dalry,5250
Dalrymple,1660
Danderhall,3160
Darnick,540
Darvel,3900
Dechmont,620
Denholm,710
Dingwall,5360
Dollar,2840
Dornoch,1430
Douglas,1460
Doune,2200
Drongan,3060
Drumnadrochit,1130
Drumoak,910
Drymen,830
Dufftown,1590
Dullatur,690
Dumbarton,21030
Dumfries,34040
Dunbar,10270
Dunbeg,720
Dunblane,9310
Dundee,158820
Dundonald,2570
Dunfermline,76210
Dunkeld and Birnam,1330
Dunlop,1170
Dunning,950
Dunoon and Sandbank,8980
Duns,2820
Eaglesfield,660
Eaglesham,3470
Earlston,1730
East Calder,6430
East Kilbride,75310
East Linton,1790
East Wemyss,1930
Eastriggs,1770
Ecclefechan,880
Edinburgh,530990
Edzell,840
Elgin,25040
Elie and Earlsferry,640
Ellon,10070
Elphinstone,590
Errol,1490
Erskine,16830
Evanton,1390
Eyemouth,3580
Fairlie,1490
Falkirk,103380
Falkland,1120
Fallin,2850
Fauldhouse,4900
Fenwick,1170
Findhorn,1030
Findochty,1130
Finstown,500
Fochabers,1770
Forfar,14120
Forgandenny,560
Forres,9900
Fort Augustus,620
Fort William,10260
Forth,2140
Fortrose,1680
Fraserburgh,12570
Freuchie,1250
Friockheim,1130
Gairloch,610
Galashiels,15490
Galston,4710
Gardenstown,560
Garelochhead,3650
Gargunnock,720
Garmouth,540
Gartcosh,2920
Gartloch,650
Gatehouse of Fleet,990
Gauldry,650
Gifford,790
Girvan,6330
Glassford,690
Glenboig,2990
Glenfarg,700
Glenluce,570
Glenmavis,2200
Glenrothes,44760
Golspie,1290
Gourdon,850
Grantown-on-Spey,2510
Greater Glasgow,1028220
Greenlaw,600
Greenock,65690
Gretna,3110
Gullane,2810
Haddington,10360
Halkirk,950
Hallglen,3080
Hamilton,84450
Harthill,3530
Hatton of Cruden,870
Hawick,13620
Helensburgh,15160
High Valleyfield,3310
Hillhead,570
Hillside,1140
Hopeman,1710
Houston,6360
Howwood,1600
Huntly,4550
Inchture,1420
Innellan,1140
Innerleithen,3180
Insch,2690
Inverallochy and Cairnbulg,1350
Inveraray,570
Inverbervie,2300
Invergordon,3930
Inverkip,3490
Inverness and Culloden,63730
Inverurie,14660
Irvine,37580
Jedburgh,3860
Johnshaven,640
Keith,4610
Kelso,6870
Kelty,6760
Kemnay,3890
Kilbirnie,7170
Kilcreggan,1280
Killearn,1910
Killin,740
Kilmacolm,3930
Kilmarnock,51370
Kilmaurs,2790
Kilsyth,10380
Kilwinning,16100
Kincardine,2940
Kinghorn,2940
Kinglassie,1900
Kingseat (Aberdeenshire),830
Kingseat (Fife),860
Kingskettle and Kettlebridge,1020
Kingswells,4850
Kingussie,1470
Kinlochleven,760
Kinloss,1440
Kinnesswood,540
Kinross,5610
Kintore,4700
Kippen,1100
Kirkcaldy and Dysart,50370
Kirkconnel and Kelloholm,1970
Kirkcudbright,3350
Kirkhill,750
Kirkintilloch,29960
Kirkliston,5280
Kirkmuirhill and Blackwood,4380
Kirknewton,1930
Kirkwall,7500
Kirriemuir,6060
Kyle of Lochalsh,590
Ladybank,1430
Lamlash,1100
Lanark and Kirkfieldbank,9830
Langbank,870
Langholm,1740
Largs,11030
Larkhall,16400
Lauder,1850
Laurencekirk,3140
Law,3090
Lennoxtown,4260
Lerwick,6760
Lesmahagow,4300
Letham,1640
Leuchars and Guardbridge,4000
Lhanbryde,1830
Liff,1570
Limekilns and Charlestown,1450
Linlithgow,12840
Livingston,65770
Loanhead and Bilston,8260
Loans,750
Locharbriggs,5610
Lochgilphead,2280
Lochmaben,2180
Lochwinnoch,2810
Lockerbie,4190
Logan,1190
Longforgan,1090
Longniddry,2340
Longridge,910
Longside,1030
Lossiemouth,6840
"Lower Largo, Lundin Links and Upper Largo",2390
Lumphanan,520
Luncarty,1630
Macduff,3830
Macmerry,1430
Mallaig,660
Marywell,620
Mauchline,3900
Maud,910
Maybole,4580
Melrose,2500
Menstrie,2870
"Methil, Leven and Buckhaven",30730
Methlick,530
Methven,1300
Millport,1170
Milnathort,1950
Milton and Kildary,640
Milton of Campsie,3910
Mintlaw,2800
Moffat,2410
"Montrose, Ferryden and Inchbraoch",12950
Moodiesburn and Chryston,11760
Morningside,1110
Mossblown,2100
Mosstodloch,980
Motherwell and Wishaw,125610
Muir of Ord,2840
Muirkirk,1340
Murthly,590
Muthill,730
Nairn,10190
Neilston,5170
Netherburn,820
Nethy Bridge,680
New Cumnock,2590
New Deer,620
New Pitsligo,1100
Newbridge and Ratho Station,1270
Newburgh (Aberdeenshire),1560
Newburgh (Fife),2110
Newcastleton,760
Newmachar,2530
Newmilns,2720
Newport-on-Tay and Wormit,4210
Newton Stewart,4030
Newtonhill,3010
Newtonmore,1120
Newtown St Boswells,1470
Newtyle,680
North Berwick,7840
North Kessock,1290
North Queensferry,1050
"Oakley, Carnock and Comrie",3860
Oban,8140
Ochiltree,1040
Oldmeldrum,3120
Ormiston,2110
Overtown,2950
Pathhead,950
Patna,2070
Peebles,9000
Pencaitland,1480
Penicuik,16150
Perth,47350
Peterhead,19060
Pitlochry,2880
Pitmedden,1400
Pittenweem,1450
Plains,2920
Plean,1950
Port Bannatyne,1090
Port Ellen,810
Portgordon,790
Portknockie,1230
Portlethen,8940
Portpatrick,600
Portree,2310
Portsoy,1690
Potterton,850
Prestonpans,10460
Quarrier's Village,710
Quarter,750
Ratho,2230
Rigside,620
Rosehearty,1230
Rosemarkie,640
Rosewell,2020
Roslin,1770
Rosneath,1260
Rothes,1160
Rothesay,4310
Rothienorman,1080
Saline,1370
Salsburgh,1330
Saltcoats,31800
Sandhaven,860
Sanquhar,1940
Scalloway,1170
Scone,5030
Seafield,1350
Selkirk,5380
Shieldhill,2380
Shotts,8630
Skelmorlie,2060
Slamannan,1180
South Forres,540
South Queensferry,10400
Spean Bridge,550
Springfield,1100
Springside,1190
St Andrews,18410
St Boswells,1440
St Combs,620
St Cyrus,1130
St Fergus,740
St Madoes and Glencarse,1110
St Monans,1130
Stanley,1500
Steòrnabhagh (Stornoway),7280
Stewarton,7770
Stirling,49950
Stonehaven,11150
Stonehouse,5550
Stow,700
Stranraer,10110
Strathaven,8090
Strathblane,2000
Strathkinness,790
Strathmiglo,870
Strathpeffer,1040
Strichen,940
Stromness,1790
Stuartfield,870
Symington (South Ayrshire),1510
Symington (South Lanarkshire),740
Tain,3570
Tarbert,1120
Tarbolton,1860
Tarland,690
Tarves,1080
Tayport,3750
Thornhill (Dumfries and Galloway),1670
Thornhill (Stirling),600
Thornton,2040
Thorntonhall,660
Thurso,7390
Tighnabruaich,550
Tillicoultry,5910
Tobermory,1000
Torphichen,710
Torphins,1370
Torrance,2320
Townhill,1160
Tranent,11910
Troon,14950
Tullibody,9240
Turriff,4700
Twechar,1340
Ullapool,1500
Uplawmoor,690
Vale of Leven,24130
Walkerburn,740
Waterfoot,1340
Wattston and Greengairs,1080
Wellbank,610
Wemyss Bay,2390
West Barns,630
West Kilbride,4860
West Linton,1920
Westhill (Aberdeenshire),12110
Whitburn,12730
Whitecraig,1330
Whitecross,750
Whitehills,990
Whithorn,750
Whiting Bay,650
Wick,6870
Wigtown,880
Winchburgh,3840
Yetholm,620
Aberchirder,597
"Aberdeen, Milltimber, and Peterculter",110735
Aberdour,874
Aberfeldy,959
Aberfoyle,411
Aberlady,626
Aberlour,525
Abernethy,732
Aberuthven,255
Aboyne,1473
Addiewell and Stoneyburn,1684
Airth,1019
Alford,1295
Allanton,562
Alloa and Sauchie,10704
Almondbank,686
Alness,3092
Alva,2436
Alyth,1205
Ancrum,251
Annan,4549
Annbank,470
Anstruther,2105
Arbroath,12112
Ardersier,592
Ardrishaig,623
Armadale,6510
Auchenblae,268
Auchinleck,1917
Auchinloch,468
Auchterarder,3005
Auchtermuchty,1085
Auldearn,367
Aviemore,1654
Avoch,522
Avonbridge,350
Ayr,32597
Ayton,307
Baile a'Mhanaich (Balivanich),252
Balfron,1144
Balintore,528
Ballachulish,313
Ballater,742
"Ballingry, Lochore and Crosshill",3088
Balmedie,1242
Balmullo,662
Banchory,3840
Banff,2019
Bankfoot,618
Bathgate,14830
Beauly,748
Beith,3014
Bellsbank,658
Biggar,1397
Birkhill and Muirhead,1071
Bishopton,4048
Blackburn (Aberdeenshire),1507
Blackford,470
Blackridge,1046
Blairgowrie,4801
Blairhall,461
Boddam,604
Bo'ness,7594
Bonnybridge,13061
"Bonnyrigg, Dalkeith, Mayfield and Gorebridge",28624
Bowmore,376
Braco,267
Brae,360
Brechin,3672
Bridge of Earn,1591
Bridge of Weir,2551
Bridgend,382
Broadford,569
Brodick,451
Brora,599
Broxburn,8109
Buchlyvie,276
Buckie,4633
Burghead,915
Burntisland,3399
Burrelton,374
Cairneyhill,1271
Calderbank,817
Caldercruix,1355
California,419
Callander,1598
Campbeltown,2324
Cardenden and Auchterderran,2705
Cardrona,471
Cardross,1059
Carluke,7469
Carmunnock,707
Carnoustie,5926
Carnwath,708
Carstairs,397
Carstairs Junction,341
Castle Douglas,2124
Castletown,400
Catrine,1019
Ceres,503
Chapelton,320
Chirnside,766
Clackmannan,1663
Cleland,1642
Coalburn,617
Coaltown of Wemyss,368
"Coatbridge, Aidrie, Chapelhall and Bargeddie",47050
Cockenzie,2781
Coldingham,264
Coldstream,1013
Comrie (Perth and Kinross),986
Conon Bridge and Maryburgh,1701
Countesswells,406
Coupar Angus,1115
"Cowdenbeath, Lochgelly and Lumphinnans",9899
Cowie,1420
Coylton,1113
Crail,879
Creetown,333
Crieff,3681
Crimond,452
Cromarty,354
Crook of Devon,375
Crossford (Fife),1190
Crossford (South Lanarkshire),400
Crosshouse,1351
Cruden Bay,818
Cullen,727
Cumbernauld and Croy,27209
Cuminestown,294
Cumnock,4426
Cupar,4721
Dailly,434
Dalbeattie,2180
Dalgety Bay and Hillend,4968
Dalmellington,677
Dalry,2794
Dalrymple,892
Danderhall,1636
Darnick,284
Darvel,1980
Dechmont,327
Denholm,370
Dingwall,2747
Dollar,1463
Dornoch,780
Douglas,792
Doune,1137
Drongan,1635
Drumnadrochit,575
Drumoak,443
Drymen,441
Dufftown,803
Dullatur,342
Dumbarton,10935
Dumfries,17619
Dunbar,5307
Dunbeg,367
Dunblane,4737
Dundee,82262
Dundonald,1360
Dunfermline,38780
Dunkeld and Birnam,707
Dunlop,598
Dunning,475
Dunoon and Sandbank,4637
Duns,1433
Eaglesfield,347
Eaglesham,1789
Earlston,892
East Calder,3318
East Kilbride,38790
East Linton,921
East Wemyss,1024
Eastriggs,891
Ecclefechan,444
Edinburgh,271863
Edzell,464
Elgin,12852
Elie and Earlsferry,345
Ellon,5148
Elphinstone,295
Errol,746
Erskine,8727
Evanton,680
Eyemouth,1843
Fairlie,773
Falkirk,52727
Falkland,590
Fallin,1477
Fauldhouse,2490
Fenwick,615
Findhorn,506
Findochty,568
Finstown,251
Fochabers,929
Forfar,7325
Forgandenny,252
Forres,5052
Fort Augustus,310
Fort William,5228
Forth,1080
Fortrose,873
Fraserburgh,6305
Freuchie,654
Friockheim,565
Gairloch,311
Galashiels,7984
Galston,2455
Gardenstown,286
Garelochhead,869
Gargunnock,367
Garmouth,279
Gartcosh,1513
Gartloch,342
Gatehouse of Fleet,526
Gauldry,332
Gifford,404
Girvan,3326
Glassford,370
Glenboig,1488
Glenfarg,352
Glenluce,304
Glenmavis,1138
Glenrothes,23005
Golspie,655
Gourdon,408
Grantown-on-Spey,1312
Greater Glasgow,527285
Greenlaw,302
Greenock,34248
Gretna,1577
Gullane,1482
Haddington,5344
Halkirk,473
Hallglen,1568
Hamilton,43477
Harthill,1800
Hatton of Cruden,409
Hawick,7011
Helensburgh,7823
High Valleyfield,1735
Hillhead,295
Hillside,590
Hopeman,864
Houston,3256
Howwood,822
Huntly,2371
Inchture,739
Innellan,609
Innerleithen,1635
Insch,1365
Inverallochy and Cairnbulg,691
Inveraray,284
Inverbervie,1213
Invergordon,2008
Inverkip,1781
Inverness and Culloden,32675
Inverurie,7463
Irvine,19699
Jedburgh,2018
Johnshaven,313
Keith,2360
Kelso,3612
Kelty,3421
Kemnay,1998
Kilbirnie,3716
Kilcreggan,642
Killearn,966
Killin,369
Kilmacolm,2067
Kilmarnock,26752
Kilmaurs,1488
Kilsyth,5420
Kilwinning,8492
Kincardine,1479
Kinghorn,1565
Kinglassie,980
Kingseat (Aberdeenshire),417
Kingseat (Fife),448
Kingskettle and Kettlebridge,523
Kingswells,2481
Kingussie,748
Kinlochleven,418
Kinloss,715
Kinnesswood,265
Kinross,2892
Kintore,2352
Kippen,585
Kirkcaldy and Dysart,26032
Kirkconnel and Kelloholm,1001
Kirkcudbright,1689
Kirkhill,376
Kirkintilloch,15449
Kirkliston,2758
Kirkmuirhill and Blackwood,2261
Kirknewton,991
Kirkwall,3855
Kirriemuir,3178
Kyle of Lochalsh,313
Ladybank,709
Lamlash,609
Lanark and Kirkfieldbank,5111
Langbank,401
Langholm,898
Largs,5825
Larkhall,8670
Lauder,945
Laurencekirk,1601
Law,1575
Lennoxtown,2220
Lerwick,3280
Lesmahagow,2245
Letham,864
Leuchars and Guardbridge,1784
Lhanbryde,921
Liff,808
Limekilns and Charlestown,779
Linlithgow,6585
Livingston,33517
Loanhead and Bilston,4279
Loans,386
Locharbriggs,2903
Lochgilphead,1146
Lochmaben,1123
Lochwinnoch,1411
Lockerbie,2158
Logan,623
Longforgan,511
Longniddry,1186
Longridge,454
Longside,520
Lossiemouth,3525
"Lower Largo, Lundin Links and Upper Largo",1270
Lumphanan,258
Luncarty,842
Macduff,1889
Macmerry,719
Mallaig,334
Marywell,304
Mauchline,2042
Maud,455
Maybole,2347
Melrose,1282
Menstrie,1535
"Methil, Leven and Buckhaven",15855
Methlick,273
Methven,648
Millport,587
Milnathort,1001
Milton and Kildary,319
Milton of Campsie,2057
Mintlaw,1471
Moffat,1214
"Montrose, Ferryden and Inchbraoch",6530
Moodiesburn and Chryston,6150
Morningside,579
Mossblown,1105
Mosstodloch,490
Motherwell and Wishaw,64697
Muir of Ord,1461
Muirkirk,667
Murthly,296
Muthill,376
Nairn,5322
Neilston,2742
Netherburn,411
Nethy Bridge,353
New Cumnock,1324
New Deer,323
New Pitsligo,545
Newbridge and Ratho Station,646
Newburgh (Aberdeenshire),769
Newburgh (Fife),1082
Newcastleton,369
Newmachar,1276
Newmilns,1381
Newport-on-Tay and Wormit,2201
Newton Stewart,2068
Newtonhill,1501
Newtonmore,563
Newtown St Boswells,749
Newtyle,334
North Berwick,4095
North Kessock,675
North Queensferry,537
"Oakley, Carnock and Comrie",1938
Oban,4155
Ochiltree,529
Oldmeldrum,1586
Ormiston,1099
Overtown,1459
Pathhead,485
Patna,997
Peebles,4673
Pencaitland,747
Penicuik,8310
Perth,23958
Peterhead,9476
Pitlochry,1493
Pitmedden,687
Pittenweem,796
Plains,1467
Plean,1029
Port Bannatyne,539
Port Ellen,418
Portgordon,399
Portknockie,625
Portlethen,4474
Portpatrick,304
Portree,1222
Portsoy,899
Potterton,407
Prestonpans,5480
Quarrier's Village,372
Quarter,390
Ratho,1134
Rigside,314
Rosehearty,648
Rosemarkie,326
Rosewell,1069
Roslin,919
Rosneath,635
Rothes,592
Rothesay,2176
Rothienorman,535
Saline,693
Salsburgh,664
Saltcoats,16794
Sandhaven,427
Sanquhar,972
Scalloway,572
Scone,2688
Seafield,698
Selkirk,2812
Shieldhill,1205
Shotts,4259
Skelmorlie,1069
Slamannan,601
South Forres,271
South Queensferry,5439
Spean Bridge,283
Springfield,570
Springside,628
St Andrews,9717
St Boswells,763
St Combs,322
St Cyrus,582
St Fergus,355
St Madoes and Glencarse,547
St Monans,549
Stanley,769
Steòrnabhagh (Stornoway),3756
Stewarton,4089
Stirling,26127
Stonehaven,5702
Stonehouse,2872
Stow,336
Stranraer,5290
Strathaven,4159
Strathblane,1029
Strathkinness,415
Strathmiglo,436
Strathpeffer,529
Strichen,474
Stromness,901
Stuartfield,433
Symington (South Ayrshire),800
Symington (South Lanarkshire),360
Tain,1918
Tarbert,567
Tarbolton,924
Tarland,340
Tarves,556
Tayport,2001
Thornhill (Dumfries and Galloway),875
Thornhill (Stirling),305
Thornton,988
Thorntonhall,335
Thurso,3800
Tighnabruaich,269
Tillicoultry,2912
Tobermory,508
Torphichen,359
Torphins,678
Torrance,1196
Townhill,592
Tranent,6159
Troon,7880
Tullibody,4542
Turriff,2415
Twechar,681
Ullapool,776
Uplawmoor,369
Vale of Leven,12696
Walkerburn,362
Waterfoot,678
Wattston and Greengairs,545
Wellbank,311
Wemyss Bay,1215
West Barns,325
West Kilbride,2584
West Linton,989
Westhill (Aberdeenshire),6154
Whitburn,6561
Whitecraig,763
Whitecross,386
Whitehills,513
Whithorn,376
Whiting Bay,340
Wick,3460
Wigtown,465
Winchburgh,1975
Yetholm,334
Aberchirder,573
"Aberdeen, Milltimber, and Peterculter",109955
Aberdour,836
Aberfeldy,981
Aberfoyle,379
Aberlady,634
Aberlour,495
Abernethy,658
Aberuthven,245
Aboyne,1447
Addiewell and Stoneyburn,1576
Airth,941
Alford,1315
Allanton,578
Alloa and Sauchie,10046
Almondbank,684
Alness,2858
Alva,2194
Alyth,1165
Ancrum,249
Annan,4211
Annbank,420
Anstruther,1845
Arbroath,11388
Ardersier,548
Ardrishaig,597
Armadale,6210
Auchenblae,252
Auchinleck,1713
Auchinloch,412
Auchterarder,2835
Auchtermuchty,985
Auldearn,353
Aviemore,1576
Avoch,478
Avonbridge,310
Ayr,29673
Ayton,293
Baile a'Mhanaich (Balivanich),258
Balfron,996
Balintore,472
Ballachulish,307
Ballater,688
"Ballingry, Lochore and Crosshill",2852
Balmedie,1268
Balmullo,658
Banchory,3600
Banff,1981
Bankfoot,622
Bathgate,14500
Beauly,652
Beith,2926
Bellsbank,602
Biggar,1243
Birkhill and Muirhead,939
Bishopton,3872
Blackburn (Aberdeenshire),1543
Blackford,440
Blackridge,1024
Blairgowrie,4439
Blairhall,469
Boddam,616
Bo'ness,7246
Bonnybridge,12649
"Bonnyrigg, Dalkeith, Mayfield and Gorebridge",26316
Bowmore,334
Braco,273
Brae,390
Brechin,3558
Bridge of Earn,1329
Bridge of Weir,2369
Bridgend,398
Broadford,601
Brodick,439
Brora,611
Broxburn,7861
Buchlyvie,274
Buckie,4377
Burghead,925
Burntisland,3231
Burrelton,346
Cairneyhill,1229
Calderbank,743
Caldercruix,1255
California,361
Callander,1482
Campbeltown,2176
Cardenden and Auchterderran,2485
Cardrona,419
Cardross,1011
Carluke,6931
Carmunnock,643
Carnoustie,5384
Carnwath,652
Carstairs,443
Carstairs Junction,329
Castle Douglas,1876
Castletown,410
Catrine,1001
Ceres,427
Chapelton,330
Chirnside,684
Clackmannan,1597
Cleland,1508
Coalburn,603
Coaltown of Wemyss,342
"Coatbridge, Aidrie, Chapelhall and Bargeddie",43640
Cockenzie,2589
Coldingham,236
Coldstream,977
Comrie (Perth and Kinross),914
Conon Bridge and Maryburgh,1579
Countesswells,364
Coupar Angus,1105
"Cowdenbeath, Lochgelly and Lumphinnans",9431
Cowie,1300
Coylton,1047
Crail,761
Creetown,327
Crieff,3599
Crimond,418
Cromarty,306
Crook of Devon,385
Crossford (Fife),1130
Crossford (South Lanarkshire),330
Crosshouse,1339
Cruden Bay,752
Cullen,663
Cumbernauld and Croy,25211
Cuminestown,266
Cumnock,4274
Cupar,4239
Dailly,376
Dalbeattie,1980
Dalgety Bay and Hillend,4742
Dalmellington,663
Dalry,2456
Dalrymple,768
Danderhall,1524
Darnick,256
Darvel,1920
Dechmont,293
Denholm,340
Dingwall,2613
Dollar,1377
Dornoch,650
Douglas,668
Doune,1063
Drongan,1425
Drumnadrochit,555
Drumoak,467
Drymen,389
Dufftown,787
Dullatur,348
Dumbarton,10095
Dumfries,16421
Dunbar,4963
Dunbeg,353
Dunblane,4573
Dundee,76558
Dundonald,1210
Dunfermline,37430
Dunkeld and Birnam,623
Dunlop,572
Dunning,475
Dunoon and Sandbank,4343
Duns,1387
Eaglesfield,313
Eaglesham,1681
Earlston,838
East Calder,3112
East Kilbride,36520
East Linton,869
East Wemyss,906
Eastriggs,879
Ecclefechan,436
Edinburgh,259127
Edzell,376
Elgin,12188
Elie and Earlsferry,295
Ellon,4922
Elphinstone,295
Errol,744
Erskine,8103
Evanton,710
Eyemouth,1737
Fairlie,717
Falkirk,50653
Falkland,530
Fallin,1373
Fauldhouse,2410
Fenwick,555
Findhorn,524
Findochty,562
Finstown,249
Fochabers,841
Forfar,6795
Forgandenny,308
Forres,4848
Fort Augustus,310
Fort William,5032
Forth,1060
Fortrose,807
Fraserburgh,6265
Freuchie,596
Friockheim,565
Gairloch,299
Galashiels,7506
Galston,2255
Gardenstown,274
Garelochhead,2781
Gargunnock,353
Garmouth,261
Gartcosh,1407
Gartloch,308
Gatehouse of Fleet,464
Gauldry,318
Gifford,386
Girvan,3004
Glassford,320
Glenboig,1502
Glenfarg,348
Glenluce,266
Glenmavis,1062
Glenrothes,21755
Golspie,635
Gourdon,442
Grantown-on-Spey,1198
Greater Glasgow,500935
Greenlaw,298
Greenock,31442
Gretna,1533
Gullane,1328
Haddington,5016
Halkirk,477
Hallglen,1512
Hamilton,40973
Harthill,1730
Hatton of Cruden,461
Hawick,6609
Helensburgh,7337
High Valleyfield,1575
Hillhead,275
Hillside,550
Hopeman,846
Houston,3104
Howwood,778
Huntly,2179
Inchture,681
Innellan,531
Innerleithen,1545
Insch,1325
Inverallochy and Cairnbulg,659
Inveraray,286
Inverbervie,1087
Invergordon,1922
Inverkip,1709
Inverness and Culloden,31055
Inverurie,7197
Irvine,17881
Jedburgh,1842
Johnshaven,327
Keith,2250
Kelso,3258
Kelty,3339
Kemnay,1892
Kilbirnie,3454
Kilcreggan,638
Killearn,944
Killin,371
Kilmacolm,1863
Kilmarnock,24618
Kilmaurs,1302
Kilsyth,4960
Kilwinning,7608
Kincardine,1461
Kinghorn,1375
Kinglassie,920
Kingseat (Aberdeenshire),413
Kingseat (Fife),412
Kingskettle and Kettlebridge,497
Kingswells,2369
Kingussie,722
Kinlochleven,342
Kinloss,725
Kinnesswood,275
Kinross,2718
Kintore,2348
Kippen,515
Kirkcaldy and Dysart,24338
Kirkconnel and Kelloholm,969
Kirkcudbright,1661
Kirkhill,374
Kirkintilloch,14511
Kirkliston,2522
Kirkmuirhill and Blackwood,2119
Kirknewton,939
Kirkwall,3645
Kirriemuir,2882
Kyle of Lochalsh,277
Ladybank,721
Lamlash,491
Lanark and Kirkfieldbank,4719
Langbank,469
Langholm,842
Largs,5205
Larkhall,7730
Lauder,905
Laurencekirk,1539
Law,1515
Lennoxtown,2040
Lerwick,3480
Lesmahagow,2055
Letham,776
Leuchars and Guardbridge,2216
Lhanbryde,909
Liff,762
Limekilns and Charlestown,671
Linlithgow,6255
Livingston,32253
Loanhead and Bilston,3981
Loans,364
Locharbriggs,2707
Lochgilphead,1134
Lochmaben,1057
Lochwinnoch,1399
Lockerbie,2032
Logan,567
Longforgan,579
Longniddry,1154
Longridge,456
Longside,510
Lossiemouth,3315
"Lower Largo, Lundin Links and Upper Largo",1120
Lumphanan,262
Luncarty,788
Macduff,1941
Macmerry,711
Mallaig,326
Marywell,316
Mauchline,1858
Maud,455
Maybole,2233
Melrose,1218
Menstrie,1335
"Methil, Leven and Buckhaven",14875
Methlick,257
Methven,652
Millport,583
Milnathort,949
Milton and Kildary,321
Milton of Campsie,1853
Mintlaw,1329
Moffat,1196
"Montrose, Ferryden and Inchbraoch",6420
Moodiesburn and Chryston,5610
Morningside,531
Mossblown,995
Mosstodloch,490
Motherwell and Wishaw,60913
Muir of Ord,1379
Muirkirk,673
Murthly,294
Muthill,354
Nairn,4868
Neilston,2428
Netherburn,409
Nethy Bridge,327
New Cumnock,1266
New Deer,297
New Pitsligo,555
Newbridge and Ratho Station,624
Newburgh (Aberdeenshire),791
Newburgh (Fife),1028
Newcastleton,391
Newmachar,1254
Newmilns,1339
Newport-on-Tay and Wormit,2009
Newton Stewart,1962
Newtonhill,1509
Newtonmore,557
Newtown St Boswells,721
Newtyle,346
North Berwick,3745
North Kessock,615
North Queensferry,513
"Oakley, Carnock and Comrie",1922
Oban,3985
Ochiltree,511
Oldmeldrum,1534
Ormiston,1011
Overtown,1491
Pathhead,465
Patna,1073
Peebles,4327
Pencaitland,733
Penicuik,7840
Perth,23392
Peterhead,9584
Pitlochry,1387
Pitmedden,713
Pittenweem,654
Plains,1453
Plean,921
Port Bannatyne,551
Port Ellen,392
Portgordon,391
Portknockie,605
Portlethen,4466
Portpatrick,296
Portree,1088
Portsoy,791
Potterton,443
Prestonpans,4980
Quarrier's Village,338
Quarter,360
Ratho,1096
Rigside,306
Rosehearty,582
Rosemarkie,314
Rosewell,951
Roslin,851
Rosneath,625
Rothes,568
Rothesay,2134
Rothienorman,545
Saline,677
Salsburgh,666
Saltcoats,15006
Sandhaven,433
Sanquhar,968
Scalloway,598
Scone,2342
Seafield,652
Selkirk,2568
Shieldhill,1175
Shotts,4371
Skelmorlie,991
Slamannan,579
South Forres,269
South Queensferry,4961
Spean Bridge,267
Springfield,530
Springside,562
St Andrews,8693
St Boswells,677
St Combs,298
St Cyrus,548
St Fergus,385
St Madoes and Glencarse,563
St Monans,581
Stanley,731
Steòrnabhagh (Stornoway),3524
Stewarton,3681
Stirling,23823
Stonehaven,5448
Stonehouse,2678
Stow,364
Stranraer,4820
Strathaven,3931
Strathblane,971
Strathkinness,375
Strathmiglo,434
Strathpeffer,511
Strichen,466
Stromness,889
Stuartfield,437
Symington (South Ayrshire),710
Symington (South Lanarkshire),380
Tain,1652
Tarbert,553
Tarbolton,936
Tarland,350
Tarves,524
Tayport,1749
Thornhill (Dumfries and Galloway),795
Thornhill (Stirling),295
Thornton,1052
Thorntonhall,325
Thurso,3590
Tighnabruaich,281
Tillicoultry,2998
Tobermory,492
Torphichen,351
Torphins,692
Torrance,1124
Townhill,568
Tranent,5751
Troon,7070
Tullibody,4698
Turriff,2285
Twechar,659
Ullapool,724
Uplawmoor,321
Vale of Leven,11434
Walkerburn,378
Waterfoot,662
Wattston and Greengairs,535
Wellbank,299
Wemyss Bay,1175
West Barns,305
West Kilbride,2276
West Linton,931
Westhill (Aberdeenshire),5956
Whitburn,6169
Whitecraig,567
Whitecross,364
Whitehills,477
Whithorn,374
Whiting Bay,310
Wick,3410
Wigtown,415
Winchburgh,1865
Yetholm,286
